,JRCSF,YU2,INP0223,INP0224,INP0157
PR position,,,,,
10,,,F,,
13,,,V,,
16,,,A,,
32,,,I,,
33,,,F,,
35,D,,,,
36,,,I,,
37,D,,,,
43,,,A,,
46,,,L,,
54,,,V,,
55,,,R,,
61,,,R,,
63,P,P,P,,
65,D,,,,
70,,,R,,
71,,,V,,
72,V,,E,,
74,,,S,,
77,,,I,,
79,,,Q,,
82,,,C,,
84,,,V,,
91,,,S,,
93,,,L,,
RT position,,,,,
3,,,C,,
9,,,,S,S
28,,,,K,
32,,,,E,
41,,,,L,
43,,,,Q,
60,,,,I,
67,,,,N,d
69,,,,,G
70,,,,,R
74,,,,,I
75,,,,M,
82,R,,,,
101,,,,P,
102,,,Q,,Q
103,,,,S,N
118,,,,I,
121,,H,,,
122,,E,,E,
123,,,,N,
135,,,,T,
142,,T,,,
162,,,C,,C
166,,T,,,
178,,L,,,
179,I,,,I,
184,,,,V,
196,,,,E,
210,,,,Y,
211,K,,,,K
215,,,,Y,F
218,,,,E,
219,,,,,Q
277,,R,R,,R
293,,,V,V,V
297,K,,,A,
322,,,,W,W
327,V,,,,