"gene","wt","pos","mut","expected","mix","measured"
"RT","M",41,"L",0.05,"80-5_10E5",0.0379
"RT","K",277,"R",0.15,"80-5_10E5",0.1934
"protease","I",84,"V",0.05,"80-5_10E5",0.0225
"protease","L",33,"F",0.05,"80-5_10E5",0.029
"RT","D",67,"-",0.05,"80-5_10E5",0
"protease","E",35,"D",0.8,"80-5_10E5",0.8611
"protease","A",71,"V",0.05,"80-5_10E5",0
"protease","V",77,"I",0.05,"80-5_10E5",0
"protease","E",65,"D",0.8,"80-5_10E5",0.8716
"RT","I",142,"T",0.05,"80-5_10E5",0.0526
"RT","I",178,"L",0.05,"80-5_10E5",0.0502
"protease","K",70,"R",0.05,"80-5_10E5",0
"RT","L",210,"Y",0.05,"80-5_10E5",0.0454
"RT","V",118,"I",0.05,"80-5_10E5",0
"RT","K",103,"S",0.05,"80-5_10E5",0
"protease","T",74,"S",0.05,"80-5_10E5",0.0221
"RT","V",179,"I",0.85,"80-5_10E5",0.7856
"RT","V",60,"I",0.05,"80-5_10E5",0
"RT","R",211,"K",0.85,"80-5_10E5",0.8524
"RT","S",322,"W",0.1,"80-5_10E5",0.1333
"RT","K",82,"R",0.8,"80-5_10E5",0.9219
"protease","G",16,"A",0.05,"80-5_10E5",0
"RT","K",32,"E",0.05,"80-5_10E5",0
"RT","V",75,"M",0.05,"80-5_10E5",0
"protease","L",10,"F",0.05,"80-5_10E5",0
"RT","K",70,"R",0.05,"80-5_10E5",0
"RT","T",215,"Y",0.05,"80-5_10E5",0.0458
"protease","I",72,"E",0.05,"80-5_10E5",0.0269
"RT","T",69,"G",0.05,"80-5_10E5",0
"protease","M",36,"I",0.05,"80-5_10E5",0.0302
"protease","I",72,"V",0.8,"80-5_10E5",0.8241
"RT","K",122,"E",0.1,"80-5_10E5",0.055
"RT","K",43,"Q",0.05,"80-5_10E5",0
"RT","E",297,"K",0.8,"80-5_10E5",0.7542
"RT","T",215,"F",0.05,"80-5_10E5",0.0394
"RT","I",135,"T",0.05,"80-5_10E5",0
"RT","S",162,"C",0.1,"80-5_10E5",0.0864
"RT","E",28,"K",0.05,"80-5_10E5",0
"RT","K",103,"N",0.05,"80-5_10E5",0
"RT","A",327,"V",0.8,"80-5_10E5",0.6598
"protease","K",55,"R",0.05,"80-5_10E5",0
"RT","D",218,"E",0.05,"80-5_10E5",0.0423
"protease","M",46,"L",0.05,"80-5_10E5",0
"RT","G",196,"E",0.05,"80-5_10E5",0.025
"RT","L",74,"I",0.05,"80-5_10E5",0
"protease","I",54,"V",0.05,"80-5_10E5",0
"protease","V",82,"C",0.05,"80-5_10E5",0.0251
"protease","K",43,"A",0.05,"80-5_10E5",0
"RT","K",166,"T",0.05,"80-5_10E5",0
"RT","D",121,"H",0.05,"80-5_10E5",0.0502
"RT","S",3,"C",0.05,"80-5_10E5",0
"protease","I",13,"V",0.05,"80-5_10E5",0
"protease","V",32,"I",0.05,"80-5_10E5",0.029
"RT","I",293,"V",0.15,"80-5_10E5",0.1886
"RT","D",67,"N",0.05,"80-5_10E5",0
"RT","E",297,"A",0.05,"80-5_10E5",0
"RT","K",101,"P",0.05,"80-5_10E5",0
"RT","M",184,"V",0.05,"80-5_10E5",0.0194
"protease","P",79,"Q",0.05,"80-5_10E5",0
"protease","T",91,"S",0.05,"80-5_10E5",0
"RT","K",219,"Q",0.05,"80-5_10E5",0
"protease","L",63,"P",0.9,"80-5_10E5",0.9354
"RT","K",102,"Q",0.1,"80-5_10E5",0.1429
"protease","N",37,"D",0.8,"80-5_10E5",0.8593
"RT","D",123,"N",0.05,"80-5_10E5",0
"protease","I",93,"L",0.05,"80-5_10E5",0.0222
"RT","P",9,"S",0.1,"80-5_10E5",0.0702
"protease","Q",61,"R",0.05,"80-5_10E5",0.0233
"protease","K",55,"R",0.05,"80-5_10E4",0
"protease","G",16,"A",0.05,"80-5_10E4",0
"RT","K",219,"Q",0.05,"80-5_10E4",0.0607
"RT","K",103,"N",0.05,"80-5_10E4",0
"RT","I",178,"L",0.05,"80-5_10E4",0
"protease","E",65,"D",0.8,"80-5_10E4",0.9367
"protease","T",91,"S",0.05,"80-5_10E4",0
"protease","L",10,"F",0.05,"80-5_10E4",0
"RT","K",277,"R",0.15,"80-5_10E4",0.1646
"RT","K",166,"T",0.05,"80-5_10E4",0
"RT","V",60,"I",0.05,"80-5_10E4",0.0484
"RT","P",9,"S",0.1,"80-5_10E4",0.0307
"RT","R",211,"K",0.85,"80-5_10E4",0.8881
"RT","D",218,"E",0.05,"80-5_10E4",0
"RT","G",196,"E",0.05,"80-5_10E4",0
"RT","D",67,"-",0.05,"80-5_10E4",0.0344
"protease","I",93,"L",0.05,"80-5_10E4",0
"RT","E",28,"K",0.05,"80-5_10E4",0
"protease","E",35,"D",0.8,"80-5_10E4",0.9199
"protease","K",43,"A",0.05,"80-5_10E4",0
"RT","D",121,"H",0.05,"80-5_10E4",0
"protease","T",74,"S",0.05,"80-5_10E4",0
"RT","T",215,"F",0.05,"80-5_10E4",0.0587
"RT","K",32,"E",0.05,"80-5_10E4",0
"RT","L",74,"I",0.05,"80-5_10E4",0.0454
"protease","M",46,"L",0.05,"80-5_10E4",0
"protease","V",82,"C",0.05,"80-5_10E4",0
"RT","D",67,"N",0.05,"80-5_10E4",0.0657
"RT","L",210,"Y",0.05,"80-5_10E4",0
"RT","K",82,"R",0.8,"80-5_10E4",0.8028
"protease","V",77,"I",0.05,"80-5_10E4",0
"RT","K",103,"S",0.05,"80-5_10E4",0
"RT","A",327,"V",0.8,"80-5_10E4",0.7396
"protease","K",70,"R",0.05,"80-5_10E4",0
"protease","N",37,"D",0.8,"80-5_10E4",0.9188
"protease","L",63,"P",0.9,"80-5_10E4",0.9627
"RT","I",135,"T",0.05,"80-5_10E4",0.0456
"protease","I",84,"V",0.05,"80-5_10E4",0
"RT","K",102,"Q",0.1,"80-5_10E4",0.2286
"RT","E",297,"K",0.8,"80-5_10E4",0.8054
"RT","I",293,"V",0.15,"80-5_10E4",0.2007
"protease","I",72,"V",0.8,"80-5_10E4",0.9619
"RT","K",43,"Q",0.05,"80-5_10E4",0
"RT","M",41,"L",0.05,"80-5_10E4",0.0386
"protease","I",72,"E",0.05,"80-5_10E4",0
"RT","D",123,"N",0.05,"80-5_10E4",0.0419
"RT","V",118,"I",0.05,"80-5_10E4",0.0605
"RT","K",122,"E",0.1,"80-5_10E4",0.0419
"RT","V",75,"M",0.05,"80-5_10E4",0.0796
"protease","P",79,"Q",0.05,"80-5_10E4",0
"RT","I",142,"T",0.05,"80-5_10E4",0
"RT","M",184,"V",0.05,"80-5_10E4",0
"RT","T",69,"G",0.05,"80-5_10E4",0
"protease","Q",61,"R",0.05,"80-5_10E4",0.0268
"protease","I",13,"V",0.05,"80-5_10E4",0
"RT","T",215,"Y",0.05,"80-5_10E4",0.0274
"RT","V",179,"I",0.85,"80-5_10E4",0.8015
"RT","E",297,"A",0.05,"80-5_10E4",0
"RT","K",101,"P",0.05,"80-5_10E4",0
"protease","A",71,"V",0.05,"80-5_10E4",0
"protease","V",32,"I",0.05,"80-5_10E4",0
"protease","I",54,"V",0.05,"80-5_10E4",0
"protease","M",36,"I",0.05,"80-5_10E4",0.034
"RT","K",70,"R",0.05,"80-5_10E4",0
"RT","S",322,"W",0.1,"80-5_10E4",0.1215
"protease","L",33,"F",0.05,"80-5_10E4",0.034
"RT","S",3,"C",0.05,"80-5_10E4",0
"RT","S",162,"C",0.1,"80-5_10E4",0.1181
"RT",NA,52,"T",0,"80-5_10E5",0.072
"RT",NA,102,"R",0,"80-5_10E5",0.1234
"RT",NA,105,"T",0,"80-5_10E5",0.0667
"RT",NA,105,"Q",0,"80-5_10E5",0.0424
"RT",NA,176,"T",0,"80-5_10E5",0.0472
"RT",NA,210,"T",0,"80-5_10E5",0.0211
"RT",NA,215,"G",0,"80-5_10E5",0.0235
"RT",NA,217,"Y",0,"80-5_10E5",0.016
"RT",NA,222,"K",0,"80-5_10E5",0.0479
"RT",NA,322,"*",0,"80-5_10E5",0.0406
"protease",NA,22,"D",0,"80-5_10E5",0.0329
"protease",NA,43,"E",0,"80-5_10E5",0.0344
"protease",NA,72,"T",0,"80-5_10E5",0.018
"protease",NA,82,"T",0,"80-5_10E5",0.0197
"RT",NA,24,"C",0,"80-5_10E4",0.0336
"RT",NA,52,"T",0,"80-5_10E4",0.1237
"RT",NA,102,"R",0,"80-5_10E4",0.0286
"RT",NA,105,"*",0,"80-5_10E4",0.0248
"RT",NA,176,"T",0,"80-5_10E4",0.0164
"RT",NA,196,"V",0,"80-5_10E4",0.0478
"RT",NA,222,"K",0,"80-5_10E4",0.038
"RT",NA,257,"T",0,"80-5_10E4",0.0309
"protease",NA,22,"D",0,"80-5_10E4",0.0198
"protease",NA,43,"E",0,"80-5_10E4",0.0384
"protease",NA,96,"*",0,"80-5_10E4",0.0192
"protease",NA,96,"S",0,"80-5_10E4",0.0192
"protease",NA,96,"I",0,"80-5_10E4",0.0153
