mix,gene,ref,pos,mut
Mix_29_INP0157,RT,P,9,S
Mix_29_INP0157,RT,D,67,-
Mix_29_INP0157,RT,T,69,G
Mix_29_INP0157,RT,K,70,R
Mix_29_INP0157,RT,L,74,I
Mix_29_INP0157,RT,K,102,Q
Mix_29_INP0157,RT,K,103,N
Mix_29_INP0157,RT,S,162,C
Mix_29_INP0157,RT,R,211,K
Mix_29_INP0157,RT,T,215,F
Mix_29_INP0157,RT,K,219,Q
Mix_29_INP0157,RT,K,277,R
Mix_29_INP0157,RT,I,293,V
Mix_29_INP0157,RT,S,322,W
Mix_27_INP0223,protease,L,10,F
Mix_27_INP0223,protease,I,13,V
Mix_27_INP0223,protease,G,16,A
Mix_27_INP0223,protease,V,32,I
Mix_27_INP0223,protease,L,33,F
Mix_27_INP0223,protease,M,36,I
Mix_27_INP0223,protease,K,43,A
Mix_27_INP0223,protease,M,46,L
Mix_27_INP0223,protease,I,54,V
Mix_27_INP0223,protease,K,55,R
Mix_27_INP0223,protease,Q,61,R
Mix_27_INP0223,protease,L,63,P
Mix_27_INP0223,protease,K,70,R
Mix_27_INP0223,protease,A,71,V
Mix_27_INP0223,protease,I,72,E
Mix_27_INP0223,protease,T,74,S
Mix_27_INP0223,protease,V,77,I
Mix_27_INP0223,protease,P,79,Q
Mix_27_INP0223,protease,V,82,C
Mix_27_INP0223,protease,I,84,V
Mix_27_INP0223,protease,T,91,S
Mix_27_INP0223,protease,I,93,L
Mix_27_INP0223,RT,S,3,C
Mix_27_INP0223,RT,K,102,Q
Mix_27_INP0223,RT,S,162,C
Mix_27_INP0223,RT,K,277,R
Mix_27_INP0223,RT,I,293,V
Mix_25_JRCSF,protease,E,35,D
Mix_25_JRCSF,protease,N,37,D
Mix_25_JRCSF,protease,L,63,P
Mix_25_JRCSF,protease,E,65,D
Mix_25_JRCSF,protease,I,72,V
Mix_25_JRCSF,RT,K,82,R
Mix_25_JRCSF,RT,V,179,I
Mix_25_JRCSF,RT,R,211,K
Mix_25_JRCSF,RT,E,297,K
Mix_25_JRCSF,RT,A,327,V
Mix_26_YU2,protease,L,63,P
Mix_26_YU2,RT,D,121,H
Mix_26_YU2,RT,K,122,E
Mix_26_YU2,RT,I,142,T
Mix_26_YU2,RT,K,166,T
Mix_26_YU2,RT,I,178,L
Mix_26_YU2,RT,K,277,R
Mix_28_INP0224,RT,P,9,S
Mix_28_INP0224,RT,E,28,K
Mix_28_INP0224,RT,K,32,E
Mix_28_INP0224,RT,M,41,L
Mix_28_INP0224,RT,K,43,Q
Mix_28_INP0224,RT,V,60,I
Mix_28_INP0224,RT,D,67,N
Mix_28_INP0224,RT,V,75,M
Mix_28_INP0224,RT,K,101,P
Mix_28_INP0224,RT,K,103,S
Mix_28_INP0224,RT,V,118,I
Mix_28_INP0224,RT,K,122,E
Mix_28_INP0224,RT,D,123,N
Mix_28_INP0224,RT,I,135,T
Mix_28_INP0224,RT,V,179,I
Mix_28_INP0224,RT,M,184,V
Mix_28_INP0224,RT,G,196,E
Mix_28_INP0224,RT,L,210,Y
Mix_28_INP0224,RT,T,215,Y
Mix_28_INP0224,RT,D,218,E
Mix_28_INP0224,RT,I,293,V
Mix_28_INP0224,RT,E,297,A
Mix_28_INP0224,RT,S,322,W
