clone,gene,ref,pos,mut
INP0157,RT,T,215,F
INP0224,RT,K,32,E
JRCSF,RT,K,82,R
INP0224,RT,K,43,Q
INP0224,RT,E,297,A
INP0157,RT,L,74,I
INP0223,protease,K,55,R
INP0223,protease,M,46,L
INP0223,protease,A,71,V
JRCSF,protease,I,72,V
INP0223,RT,S,3,C
INP0223,protease,L,10,F
YU2,RT,D,121,H
INP0223,protease,T,91,S
YU2,RT,I,142,T
INP0223,protease,I,84,V
INP0224,RT,V,60,I
INP0223,protease,I,13,V
INP0224,RT,I,135,T
YU2,RT,I,178,L
JRCSF,protease,E,35,D
INP0157,RT,K,219,Q
INP0223,protease,L,33,F
INP0224,RT,K,101,P
INP0224,RT,V,75,M
INP0223,protease,V,77,I
INP0224,RT,E,28,K
JRCSF,protease,N,37,D
INP0223,protease,I,93,L
JRCSF,RT,E,297,K
INP0224,RT,L,210,Y
INP0224,RT,D,67,N
INP0223,protease,Q,61,R
INP0224,RT,K,103,S
INP0224,RT,D,218,E
YU2,RT,K,166,T
INP0224,RT,M,41,L
INP0224,RT,M,184,V
INP0223,protease,V,32,I
INP0223,protease,I,72,E
INP0223,protease,T,74,S
INP0223,protease,M,36,I
INP0157,RT,T,69,G
INP0157,RT,K,70,R
INP0223,protease,V,82,C
INP0223,protease,I,54,V
INP0224,RT,G,196,E
INP0224,RT,D,123,N
JRCSF,RT,A,327,V
JRCSF,protease,E,65,D
INP0157,RT,D,67,-
INP0223,protease,G,16,A
INP0157,RT,K,103,N
INP0223,protease,K,43,A
INP0224,RT,T,215,Y
INP0223,protease,P,79,Q
INP0224,RT,V,118,I
INP0223,protease,K,70,R
